{
	"language": "punct_layer",
	"characters": {
		",": 0.09945925067593665,
		"(": 0.09791425260718424,
		")": 0.09791425260718424,
		".": 0.09038238702201622,
		";": 0.07705677867902665,
		"'": 0.07570490536886829,
		"=": 0.07145616067979915,
		"\"": 0.06991116261104674,
		"}": 0.04190807261490923,
		"{": 0.04190807261490923,
		"]": 0.03341058323677095,
		"[": 0.03341058323677095,
		"-": 0.02433371958285052,
		"_": 0.02433371958285052,
		"+": 0.019698725376593278,
		"/": 0.014484356894553883,
		":": 0.01429123213595983,
		"`": 0.012553109308613364,
		"*": 0.010428736964078795,
		"&": 0.008111239860950173,
		">": 0.007918115102356122,
		"<": 0.007338740826573967,
		"$": 0.00656624179219776,
		"|": 0.00656624179219776,
		"%": 0.006373117033603708,
		"!": 0.004055619930475087,
		"#": 0.0013518733101583623,
		"\\": 0.000772499034376207,
		"?": 0.0003862495171881035
	},
	"bigrams": {
		"',": 0.1165644171779141,
		");": 0.10224948875255624,
		"(\"": 0.05248807089297887,
		"\")": 0.04430811179277437,
		"\",": 0.032038173142467624,
		"))": 0.02931152010906612,
		"])": 0.02931152010906612,
		"),": 0.027266530334014997,
		"==": 0.024539877300613498,
		").": 0.024539877300613498,
		"${": 0.023176550783912748,
		"[\"": 0.021813224267211998,
		"\"]": 0.021813224267211998,
		"=>": 0.02044989775051125,
		"].": 0.02044989775051125,
		"`;": 0.019768234492160874,
		"+=": 0.018404907975460124,
		")}": 0.018404907975460124,
		"];": 0.018404907975460124,
		"//": 0.017041581458759374,
		"{(": 0.017041581458759374,
		"%`": 0.017041581458759374,
		"}%": 0.017041581458759374,
		"()": 0.016359918200409,
		"],": 0.014996591683708248,
		"&&": 0.014314928425357873,
		"})": 0.012951601908657124,
		"\";": 0.012951601908657124,
		"]]": 0.011588275391956374,
		"\".": 0.011588275391956374,
		"||": 0.010906612133605999,
		"`$": 0.010224948875255624,
		"++": 0.010224948875255624,
		"';": 0.00954328561690525,
		"((": 0.008861622358554875,
		"};": 0.007498295841854124,
		"!=": 0.0054533060668029995,
		"./": 0.0054533060668029995,
		"']": 0.0054533060668029995,
		"(!": 0.0054533060668029995,
		"([": 0.0054533060668029995,
		"['": 0.004771642808452625,
		"},": 0.004771642808452625,
		"<<": 0.00408997955010225,
		"\":": 0.00408997955010225,
		"('": 0.00408997955010225,
		"\"\"": 0.00408997955010225,
		"{}": 0.00408997955010225,
		"'#": 0.0034083162917518746,
		"''": 0.0034083162917518746,
		"'%": 0.0027266530334014998,
		"%'": 0.0027266530334014998,
		"\"\\": 0.002044989775051125,
		"/$": 0.002044989775051125,
		"')": 0.002044989775051125,
		")`": 0.002044989775051125,
		"=\"": 0.002044989775051125,
		"`)": 0.0013633265167007499,
		"-\"": 0.0013633265167007499,
		"\"=": 0.0013633265167007499,
		"\"#": 0.0013633265167007499,
		"/\"": 0.0013633265167007499,
		":/": 0.0013633265167007499,
		"[]": 0.0013633265167007499,
		"(`": 0.0013633265167007499,
		"($": 0.0013633265167007499,
		"\"_": 0.0013633265167007499,
		"][": 0.0013633265167007499,
		"({": 0.0013633265167007499,
		"_\"": 0.0013633265167007499,
		"}.": 0.0013633265167007499,
		")\"": 0.0013633265167007499,
		"*(": 0.0013633265167007499,
		"'\\": 0.0006816632583503749,
		"'`": 0.0006816632583503749,
		")%": 0.0006816632583503749,
		">$": 0.0006816632583503749,
		"(-": 0.0006816632583503749,
		"`'": 0.0006816632583503749,
		"--": 0.0006816632583503749,
		"\"/": 0.0006816632583503749,
		"=;": 0.0006816632583503749,
		"}<": 0.0006816632583503749,
		"[-": 0.0006816632583503749,
		"=/": 0.0006816632583503749,
		">`": 0.0006816632583503749,
		"`<": 0.0006816632583503749,
		"\">": 0.0006816632583503749,
		"`.": 0.0006816632583503749,
		"}`": 0.0006816632583503749,
		"-=": 0.0006816632583503749,
		"</": 0.0006816632583503749
	},
	"skipgrams": {
		",'": 0.14543889845094665,
		"){": 0.10585197934595525,
		"\";": 0.047332185886402756,
		"()": 0.0378657487091222,
		"\")": 0.031841652323580036,
		",\"": 0.02667814113597246,
		"[]": 0.025817555938037865,
		"%;": 0.02495697074010327,
		"=`": 0.02495697074010327,
		";}": 0.02495697074010327,
		"],": 0.024096385542168676,
		"}`": 0.022375215146299483,
		"$(": 0.021514629948364887,
		")%": 0.021514629948364887,
		")=": 0.019793459552495698,
		">{": 0.018072289156626505,
		"=\"": 0.016351118760757316,
		",(": 0.014629948364888123,
		"(.": 0.013769363166953529,
		"`{": 0.012908777969018933,
		")+": 0.011187607573149742,
		";+": 0.011187607573149742,
		"';": 0.010327022375215147,
		"];": 0.00946643717728055,
		"])": 0.00946643717728055,
		"+)": 0.00946643717728055,
		"(;": 0.008605851979345954,
		":$": 0.008605851979345954,
		"={": 0.008605851979345954,
		"='": 0.008605851979345954,
		"}}": 0.008605851979345954,
		");": 0.00774526678141136,
		"]=": 0.00774526678141136,
		"\"/": 0.0068846815834767644,
		"==": 0.0068846815834767644,
		"\"\"": 0.0068846815834767644,
		"=[": 0.0068846815834767644,
		"=(": 0.0068846815834767644,
		"),": 0.006024096385542169,
		"]+": 0.0051635111876075735,
		"]|": 0.0051635111876075735,
		"''": 0.004302925989672977,
		"{;": 0.004302925989672977,
		"!=": 0.0034423407917383822,
		"-,": 0.0034423407917383822,
		"{(": 0.0034423407917383822,
		"+'": 0.0034423407917383822,
		";/": 0.0034423407917383822,
		"\",": 0.0034423407917383822,
		"(,": 0.0034423407917383822,
		")|": 0.0034423407917383822,
		"&!": 0.0034423407917383822,
		",-": 0.0034423407917383822,
		")*": 0.0034423407917383822,
		"))": 0.0034423407917383822,
		"]*": 0.0034423407917383822,
		"-;": 0.0025817555938037868,
		"<(": 0.0025817555938037868,
		"[,": 0.0025817555938037868,
		".;": 0.0025817555938037868,
		"/{": 0.0025817555938037868,
		",$": 0.0025817555938037868,
		"\\\"": 0.0025817555938037868,
		")/": 0.0025817555938037868,
		"(/": 0.0025817555938037868,
		"{}": 0.0025817555938037868,
		"|(": 0.0025817555938037868,
		".\"": 0.0025817555938037868,
		"}/": 0.0017211703958691911,
		"+(": 0.0017211703958691911,
		"};": 0.0017211703958691911,
		"\".": 0.0017211703958691911,
		"(#": 0.0017211703958691911,
		"/)": 0.0017211703958691911,
		"+]": 0.0017211703958691911,
		"[;": 0.0017211703958691911,
		"({": 0.0017211703958691911,
		"{/": 0.0017211703958691911,
		"[+": 0.0017211703958691911,
		"+\"": 0.0017211703958691911,
		")}": 0.0017211703958691911,
		")>": 0.0017211703958691911,
		"/}": 0.0017211703958691911,
		")&": 0.0017211703958691911,
		".'": 0.0017211703958691911,
		"-\"": 0.0017211703958691911,
		"(_": 0.0008605851979345956,
		"\\'": 0.0008605851979345956,
		";'": 0.0008605851979345956,
		"`]": 0.0008605851979345956,
		"\"+": 0.0008605851979345956,
		"{\"": 0.0008605851979345956,
		"]:": 0.0008605851979345956,
		"]}": 0.0008605851979345956,
		"+;": 0.0008605851979345956,
		"]-": 0.0008605851979345956,
		":\"": 0.0008605851979345956,
		"<-": 0.0008605851979345956,
		"(%": 0.0008605851979345956,
		"].": 0.0008605851979345956,
		"-'": 0.0008605851979345956,
		"]!": 0.0008605851979345956,
		"&(": 0.0008605851979345956,
		"_,": 0.0008605851979345956,
		"'-": 0.0008605851979345956,
		"-)": 0.0008605851979345956,
		">;": 0.0008605851979345956,
		"-.": 0.0008605851979345956,
		"=-": 0.0008605851979345956,
		"[.": 0.0008605851979345956,
		"=)": 0.0008605851979345956,
		"(\\": 0.0008605851979345956,
		":/": 0.0008605851979345956,
		"(}": 0.0008605851979345956,
		"(+": 0.0008605851979345956,
		"\"[": 0.0008605851979345956,
		",{": 0.0008605851979345956,
		"/$": 0.0008605851979345956,
		"')": 0.0008605851979345956,
		"\"$": 0.0008605851979345956,
		"{,": 0.0008605851979345956,
		"`/": 0.0008605851979345956,
		"_)": 0.0008605851979345956,
		"-]": 0.0008605851979345956,
		":(": 0.0008605851979345956
	},
	"skipgrams2": {
		"(}": 0.07418397626112759,
		")`": 0.07418397626112759,
		"};": 0.07418397626112759,
		"\",": 0.06824925816023739,
		")>": 0.06824925816023739,
		"`(": 0.04451038575667656,
		"=$": 0.04451038575667656,
		";+": 0.03857566765578635,
		":{": 0.02967359050445104,
		"[]": 0.026706231454005934,
		"[,": 0.02373887240356083,
		"\";": 0.020771513353115726,
		"]|": 0.017804154302670624,
		"],